,Label,Tweet
0,Non_HS,rt spardaxyz fadli zon minta mendagri segera nonaktif ahok jadi gubernur dki httpstcokh5virwpdo
1,Non_HS,rt baguscondromowo teru luka aksi rangka penjara ahok ahok gagal pilkada
2,Non_HS,sylvi bagaimana gurbernur laku kera perempuan bukti banyak ibu2 mau foto bareng debatfinalpilkadajkt
3,Non_HS,ahmad dhani tak pua debat pilkada masalah jalan beka sempat ungkap httpstcom3hoppluidu2026
4,Non_HS,rt lisdaulay28 waspada ktp palsukaw pilkada httpstcooooerqv4sm
5,Non_HS,felixsiauw bnyak agam yg baha ke pilkada teru apa tingkat iman cuma bata pilkada
6,Non_HS,saidaqil apa maksud nyata apa amin kriminalisasi ahok hati2 jg dg mulut pak httpstcoh4odvay0md
7,Non_HS,ahok integrasi transportasi publik sistem singl ticketingu2026 httpstco42ph7pqv0b infotribun
8,Non_HS,ahok mampu lawan korupsi ibukota bangun infrastruktur coba baik bagai trobosan work well
9,Non_HS,awa curang pilkada agu sylvi pakai aplikasi httpstcoxwzw4nufiu
10,Non_HS,gak seperti jokowi ahok aku kalem kamu tega sale lengkap
11,Non_HS,bo mau makan istana ga undang noh makan istana gebang tapi httpstcons6cuycpuj
12,Non_HS,cuti habi ahok jadi gubernur dki amat jangan mengadaada republika onlin httpstcot3kzvq9e4
13,Non_HS,debat akhir pilkada dki jakarta gelar malam httpstcoe9ixz6jllr
14,Non_HS,demonstran fpd malteng desak bawaslu henti tahap pilkada malu tengah
15,Non_HS,dulu desak henti ahok ngele usai masa cuti pilkada sekarang kampany mau habi kemendagri raguragu httpstco92ss4trdcx
16,Non_HS,gila gara2 pilkada beberapa tokoh tampak watak asli
17,Non_HS,gontor izin santri pulang kampung nyoblo pilkada dki republika onlin httpstcojhnot8ecnz
18,Non_HS,gubernur nonaktif dki jakarta basuki tjahaja purnama ahok rencana rombak struktur jabat pegawai httpstcocdkezxf9xo
19,Non_HS,hebat imam besar masjid istiql kalimat ahok 100 ada nista agama sebar
20,Non_HS,ibu2 aja kalo beli telor pake milih2 sblm timbang pdh telor kan mirip2 ibu2 tahu telor yg busuk
21,Non_HS,jawab ahok tanya kait siap debat pilgub akhir besok httpstcos6rlsar7y9
22,Non_HS,pesan ahok hari per nasion kitapastipernah httpstcoh0l6mrjm3r
23,Non_HS,istighotsah sama ahok catut logo nu httpstcou2rpy3c25r
24,Non_HS,yang ngomong jangan pilih ahok djarot pernah ngerasain banjir ga sih
25,Non_HS,iya aja deh dripada hoax
26,Non_HS,jadi ingat pelacurbelia yg jual orang tuanyasendiri panturademi suap nasi httpstcox5ddr7m693
27,Non_HS,jadi yg nyebar hoax tahu dong akun twitter nya lho
28,Non_HS,mpok sylvianamurninya ma agusyudhoyono
29,Non_HS,bidara beli mangga pulang nye liwat slip jangan lupa ingetin tetangga milih agu sylvi 7harilagimilihahi agusbersamaulama
30,Non_HS,seriu ada selip hibur ud83dude06ud83dude06ud83dude06 pilkadadki2017 debatfinalpilkadajkt
31,Non_HS,sylvi suks blunder bikin paslon drop elektabilitasnya fitnah spin salah pilih kader debatfinalpilkadajkt
32,Non_HS,ahok lomba program debatfinalpilkadajkt
33,Non_HS,debatfinalpilkadajkt aduh kecewa tanya paslon
34,Non_HS,rt agusdansylvi debatfinalpilkadajkt pilih nomor sektor inform maju ma agu mpok sylvi
35,Non_HS,rt jtmor ahok pilih baik jakarta
36,Non_HS,rt augustfrankto debatfinalpilkadajkt bu silvi curhat pernah marah sama pak ahokheh
37,Non_HS,mantap pak ahok debatfinalpilkadajkt
38,Non_HS,ahok gagah kaya gatot kaca debatfinalpilkadajkt
39,Non_HS,telaaaakkk nomer satuuuu nghahahaha debatfinalpilkadajkt
40,Non_HS,lomba adu program debatfinalpilkadajkt skaksilvi
41,Non_HS,debatfinalpilkadajkt denger banyak program janji sere tau pa jadi ga jalan rasa male aja sih
42,Non_HS,debat cagub dki 10 februari 2017 segmen mantap ahok skak sylviana murninndebatfinalpilkadajkt
43,Non_HS,tanya ibu silvi rada maksa debatfinalpilkadajkt
44,Non_HS,tanggal 15 pa pilkada sy gak milih siapasiapa ah
45,Non_HS,pribadi bakal prefer kok muslim kapabilita lihat kondisi ahok jadi pilih plg realisti buat maju dki
46,Non_HS,dukung ma ani bukan arti anti pak ahok pula balik
47,Non_HS,spanduk tolak salat bela nista agama muncul kalibata httpstcosr1pbytign
48,Non_HS,debatfinalpilkadajkt telak banget anjir ngakak
49,Non_HS,ayo lomba program jangan fitnah2 debatfinalpilkadajkt
50,Non_HS,rt deelestari akhir ngantuk yeay debatfinalpilkadajkt
51,Non_HS,duh bilang ga punya program paslon kesi kesi kesi debatfinalpilkadajkt
52,Non_HS,tuntut adil nista agama puluh jawara betawi ikut aksi 212 jilid ii httpstcohwvuozyyov
53,Non_HS,kera nih ahok debatfinalpilkadajkt
54,Non_HS,paslon ani sandiaga uno 15 feb 2017 utk jakarta indonesia raya oce
55,Non_HS,sesuai nama rond finalnndebatfinalpilkadajkt
56,Non_HS,mendagri tambah puse emoh keluar fatwa statu gubernur nista agama httpstcoj34amqimni
57,Non_HS,adu program
58,Non_HS,genderang perang makin kencang debatfinalpilkadajkt
59,Non_HS,mpok sylvi udah mulai emosi ud83dude02n debatfinalpilkadajkt
60,Non_HS,peopl gabisa bedain kasar sama tega debatfinalpilkadajkt
61,Non_HS,beliau pimpin hebat indonesia bangga httpstconawbps9xpt httpstco5cc2u9aiev
62,Non_HS,informasidki mungkin bu silvi jg ken foto sama pak ahok hihihi debatfinalpilkadajkt
63,Non_HS,debatfinalpilkadajkt mulai sale serang deh
64,Non_HS,rt inakinoy baca dulu lah biar dingin suasana debatfinalpilkadajkt httpstcoem9gckc4q
65,Non_HS,ayo lomba program jgn pitnah doank debatfinalpilkadajkt badjapastimenang
66,Non_HS,rt qronoz pokok kalo ahok udah ngomong aduuuuuuh kelar debatfinalpilkadajkt
67,Non_HS,senjata makan tuan debatfinalpilkadajkt debatfinaldki
68,Non_HS,ahok kera verbal masa koruptor dielus2 debatfinalpilkadajkt
69,Non_HS,rt qronoz gak program mau serang serang karakt ahay ud83dude02 debatfinalpilkadajkt
70,Non_HS,kait jakarta tak ramah anak apa tanggap pak aniesbaswedan httpstcoufa55uwbci
71,Non_HS,emang oce ani sandi ata urbanisasi lapang kerja debatfinalpilkadajkt httpstcobrceczskux
72,Non_HS,suport mulai kampung paslon ngomong jg debatfinalpilkadajkt
73,Non_HS,mulai seru ni debatfinalpilkadajkt
74,Non_HS,debatfinalpilkadajkt nang nang tonjok
75,Non_HS,rt kafyonaa jadi debat akhir malam pilih jatuh paslon mana debatfinalpilkadajkt debat3pilkadadki
76,Non_HS,rt magendajuang wkwkwk udah dah pilih ani sandi aja debatfinalpilkadajkt httpstcohmxhjyhbnj
77,Non_HS,fitnah lebih kejam loh bunuh debatfinalpilkadajkt
78,Non_HS,debatsehat jangan coba pakai datasesat debatfinalpilkadajkt debatfinaldikompastv
79,Non_HS,rt prastow apa berani ahok bongkar mafia anggar jadi tonggak pent tuju apbd yg kredibel akuntabel
80,Non_HS,rt sydsalesman ini wujud nasionalism dagang pandji hebat httpstco0fyig6c2xl
81,Non_HS,pak dosen makin liat asli
82,Non_HS,rt gabriellaandini dulu awal kampany bukan uda deklarasi anti sara tadi gw pikir no3 lebih mend no1
83,Non_HS,debatfinalpilkadajkt mateng mpok silvi bombardir pak ahok jawab cerda pak ahok
84,Non_HS,debatfinalpilkadajkt mohon tenang
85,Non_HS,yg no1 nih ngomongin yg luar program mulu ngga bhan bwt serang lawan cape dehh debatfinaldki debatfinalpilkadajkt
86,Non_HS,cinta pak ahok pokok debatfinalpilkadajkt
87,Non_HS,debatfinalpilkadajkt cuma ibu2 ken foto sama ahok bapak2 lho
88,Non_HS,ma agu aku malam inirambut kamu bagu debatfinalpilkadajkt
89,Non_HS,rt republikaonlin ahok janji berani tutup tempat hibur malam jual narkoba
90,Non_HS,agussylvi sisip bahasa jawa debat httpstcofgtfxgainx
91,Non_HS,rt hariadhi ahok udah perhati sandang disabilita jauuuh kandidat janji nobarahokdjarot badjapastijuara
92,Non_HS,ahok keren debatfinalpilkadajkt
93,Non_HS,gimana tim ahok kok makin sudut mungkin ini final kali
94,Non_HS,nih fakta buat yg asbun badjapastimenang debatfinalpilkadajkt
95,Non_HS,siapsiap meme cctv debatfinalpilkadajkt debat3pilkadadki debatfinaldki
96,Non_HS,nyinyir tingkat nasion debatfinalpilkadajkt
97,Non_HS,drama bgt debatfinalpilkadajkt
98,Non_HS,judul debat nyerang paslon debatfinalpilkadajkt
99,Non_HS,lha kok serang gitu debatfinalpilkadajkt
100,Non_HS,debat sama antem beda tipi debatfinalpilkadajkt
101,Non_HS,orang tega bilang makimaki orang debatfinalpilkadajkt
102,Non_HS,perempuan beda kaum perempuan debatfinalpilkadajk
103,Non_HS,mantap oce ani sandi ata urbanisasi lapang kerja
104,Non_HS,rt wisnudewobroto ga seru nih selalu ungkit masa lalu kera verbal semua pernah laku manusia biasa debatfinalpilkadajkt
105,Non_HS,satu perempuan bukan semua perempuan debatfinalpilkadajkt
106,Non_HS,debatfinalpilkadajkt tanya paslon dpt kategori sbg kera debat
107,Non_HS,jokowi pak maaf biar malam saja mempost ujar benci malam saja pak xoxo debatfinalpilkadajkt
108,Non_HS,moga allah menang pak aniessandi httpstcosns0rxrw3f
109,Non_HS,debatfinalpilkadajkt non muslim coblo ahok muslim coblo djarot bagaimana
110,Non_HS,debatfinalpilkadajkt pimpin dapat cipta suasana damai tentram bukan adu domba hasut
111,Non_HS,tanya bapak presiden kapolri oce tuh apa debatfinalpilkadajkt
112,Non_HS,liat banget pihak media debatfinalpilkadajkt
113,Non_HS,rt dihatikecil bagu nih ilustrasi debatfinalpilkadajkt httpstcozaqlqrbiuf
114,Non_HS,rt rezaoktovian ahok terlalu keren
115,Non_HS,isi timelin twitter cm pilkada bosan sekali
116,Non_HS,mohon tenang mohon tenang debatfinalpilkadajkt
117,Non_HS,ah ulang jawab beda kan debatfinalpilkadajkt
118,Non_HS,asa bukan tanya deh yg td jawab om aniesbaswedan audio ga keluar ia debatfinalpilkadajkt
119,Non_HS,tinggal pinggir kali meski bukan tanah jual pinggir jalan
120,Non_HS,rt rigenz123 sehat warga dki lalu jakartaberlari baru bangun sejahtera warga debatfinalpilkadajkt
121,Non_HS,kalau kamu putu pacar sebab mungkin program oke oce jadi solusi nya debatfinalpilkadajkt
122,Non_HS,libat paham bidang duduk sama pecah solusi cara pimpin yg cerda debatfinalpilkadajkt
123,Non_HS,justru lakilaki lah sere alami kera verbal berapa kali diri marah istri ayo ngaku
124,Non_HS,rt tirtoid soal gerakangerakan ala aniesbaswedan periksadata debatfinalpilkadajkt
125,Non_HS,mayorita warga jakarta pimpin gubernur baru emang iya debatfinalpilkadajkt
126,Non_HS,paslon selalu nyerang paslon ni debatfinalpilkadajkt
127,Non_HS,rt jktmajubersama upaya aniessandi dukung perempuan jadi laku ukm debatfinalpilkadajkt
128,Non_HS,salah satu indik tingkat kualita hidup warga jkt adl teru senyum pak djarot malam
129,Non_HS,tonton yg wajib tunggu habi debatfinalpilkadajkt
130,Non_HS,rt ainouun pak ahok sandang disabilita bukan mereka suatu kita bisa jadi debatfinalpilkadajkt
131,Non_HS,rt tribunjateng jeda ahok djarot sapa ganjar pranowo ata panggung
132,Non_HS,boojae sayang hyung cuma citra wkwk
133,Non_HS,rawa msh inget sm ibu jual kue balaikota cm pak ahok yg tau klo si ibu sakit ibu langsung uru rs bukan citra
134,Non_HS,biar jajan naik juta httpstcovez5pxxdfr
135,Non_HS,bio gw ganti astagfirullah rusak citra cew cantik
136,Non_HS,matanajwadebatjakarta ampun udh close statement msh aja commentnya ky gitu
137,Non_HS,hah uda close statement cepet bener debatfinalpilkadajkt
138,Non_HS,rt gembok debatfinalpilkadajkt kali kerenbiasanya sesi tanyajawab kali ada sesi curhat
139,Non_HS,tiga paslon gagal jawab tanya jawab puji baik paslon
140,Non_HS,juang sama sbyudhoyono utk menang saduddindhani pilkadakabbekasi2017 bekasisah bekasiberjaya
141,Non_HS,jika aparatur beli kyai santri oplo beli ada yng asli siap lawan ketidakadilan httpstcoriloah9gad
142,Non_HS,pasang mana unggul debat kandidat gubernurwagub dki jakarta malam
143,Non_HS,agam datang dr hati dalam bukan dr citra tetap3 jktberagam
144,Non_HS,bangun bangsa negara engga cukup metoda citra tanpa uji lewat rekam jejak integrita tokoh
145,Non_HS,rt adelladellaid sikap baik jaga prilaku depan umum bukan arti citra bukan jadi orang
146,Non_HS,rt fiersabesari jujur yg curiga buat baik yg tuduh citra bahagia yg iri abai
147,Non_HS,umat islam yg peduli agama mrk tdk goda dg trik2 konyol ini inshaallah umat islam sdh sadar httpstcopfh1mpskfo
148,Non_HS,aniesintoleran nani baswedan tak milik integrita kredibilita orang pimpin httpstcorv053gt4j8
149,Non_HS,agusriyadi12345 perlu semua berita ahok guna nista agama misal nista agama sedang kampany jakarta pusat
150,Non_HS,agusriyadi12345 tidak sadi semua berita ahok judul awal degan dakwa nista agama bukan guna nama
151,Non_HS,altefalken kemarin kan berita sakit menging babi mksd gw apa nyambungnya sama ahok
152,Non_HS,isejunni ahmaddhaniprast arti korea world tour ahmad dhani
153,Non_HS,haquemarissa ahok jakarta dage babi bal apa hubung nya
154,Non_HS,ahmad dhani bangkrut tagih utang lalu video mantan istri jadi janda kaya raya hampir tahun lalu httpstco22inrwrr26
155,Non_HS,ahmad dhani sentil ahok eh sandiaga uno cengar cengir httpstcovhdaaa3shi lalu youtub
156,Non_HS,hehhe makanya jangan kagum sesorng lebih kepada rasulullah httpstcozxvb2dirmg
157,Non_HS,matanajwadebatjakarta acara uda abi kalian debat sapa betulbetul papar prog solusi
158,Non_HS,koruptor letak kitab suci tempat pale rendahtapi sok jadi milik kapl surga httpstcooj5yn3wbei
159,Non_HS,rt 99ohhani woww dukung rakyat palestina ahok yg dituduhsbg nista agama mrk mengelu2kan ahok ahok best httpstco
160,Non_HS,citra socm bolehboleh aja haru tanggung jawab sama citra udh bikin jangan samp jadi malumaluin kasi
161,Non_HS,rt kompascom kasu kicau ahmad dhani limpah polr metro jakarta selatan httpstcouj0m7jernn
162,Non_HS,rt kvkahfi komplit bgt yaaaa heran nya msh aja yg percaya idolain httpstcopntyranajo
163,Non_HS,rt m0th3rb04rd bagaimana adil cipta si nista agama di voni jaran berjamaahtolakreklamasi
164,Non_HS,rt teddygusnaidi bro kalau yg maksud fatwa nista agama mui gak pernah keluar fatwa httpstcox9uxhqjkca
165,Non_HS,rt teddygusnaidi sidang hari makin kuat ahok bukan nista agama yang bantah nhttpstco2ksj4snr1t
166,Non_HS,sebut ahok bukan akademisi ahmad dhani intelektu lebih intelek bang ani httpstcoyrzfmmv1lg
167,Non_HS,yg laku nista agama sungguh agama yg suci guna alat kejar jabat kuasa httpstcohkvzipm8z
168,Non_HS,kalah pilkada beka ahmad dhani jadi juru kampany pasang aniessandi httpstcooizpn8hynd nenengy httpstcofgohkhxwxt
169,Non_HS,matanajwadebatjakarta bravo close statement ani malam inikalau ada debat nggak mungkin nonton mata najwa sdh lama tdk suka
170,Non_HS,matanajwadebatjakarta jawab akhir ani jadi bikin ingat jawab pa debat kemarin jawab tarik tidak nyambung
171,Non_HS,matanajwadebatjakarta buzzer ahok kerja kera nihayo kerja2 tar gaji ga turun
172,Non_HS,matanajwadebatjakarta rendah hati lawan rendah hati lihat banget
173,Non_HS,matanajwadebatjakarta kok gaya pak aniesbaswedan kayak sbi
174,Non_HS,matanajwadebatjakarta nyata si ani nyaman bgt dgn isu sara kok kan nguntungin ani pura2 sok bijak pdhl nikmat isu sara
175,Non_HS,matanajwadebatjakarta nyesel liat debat mutu cuma cela
176,Non_HS,matanajwadebatjakartakesimpulan tdk rela punya gub seorg ani sy percaya ahok menang salam jari
177,Non_HS,ibnusungeb ahok pana dingin ahok kalah debat sama ani matanajwadebatjakarta
178,Non_HS,yg tahu ga backsound tutup mata najwa siapa musisi apa judul matanajwadebatjakarta
179,Non_HS,matanajwadebatjakarta ahok apa utk rakyat ani tkt curang ngerti beda
180,Non_HS,matanajwa mantapppp mata najwa diskusi lebih hidup didik jauh kualita band debat yg selenggara kpu
181,Non_HS,matanajwa mbak najwaayo tengah sedikitjgn lihat kiri dgn minta teru pak ani cpt2 selesai kalimat2nya
182,Non_HS,soal soal ributribut pribumi vs non pribumi ramai beranda itu benar maksud apa ikut
183,Non_HS,sedih liat pak ani ini tokoh dulu kagum jadi ini matanajwadebatjakarta
184,Non_HS,awal sp akhir aniesbaswedan bisa cm serang pribadi basukibtp gak program yg perlu bangga matanajwadebatjakarta
185,Non_HS,gimana nih om pandji ikut gedeg kan dengerin retorika ga wawa gimana udah lanjur matanajwadebatjakarta
186,Non_HS,haduhhhh pak ani teru dukung yang didatengin jakarta mana pak dari luar jakarta kan matanajwadebatjakarta
187,Non_HS,haha ani pendemo2 dr jawa barat kok ga ngomen takut kalah haha matanajwadebatjakarta
188,Non_HS,matanajwadebatjakarta pak uno habi 62m istri ga marah pak mo beli sepatu 300rb aja istri marah2 pak
189,Non_HS,matanajwadebatjakarta jangan suka serang bukan perang ingin ibadah serang orang
190,Non_HS,matanajwadebatjakarta paslon serang teru membawa2 hal2 yg biasa serang tp paslon tenang jawab
191,Non_HS,aahhh akuh sedih akuh org depok nyata ngga ke jakarta pak mani jahattttt matanajwadebatjakarta
192,Non_HS,matanajwadebatjakarta saludd utk mata najwa bobot sekali debat malam
193,Non_HS,jadi orang tanggung jawab ata segala tindak dengan anda tuai yang positif sidangahok
194,Non_HS,anda sidangahok duga nista agama dgn dakwa basukibtp murni isyu pilkada dki jakarta murni islam
195,Non_HS,semua jujur dapat pahala surga sabar pak basuki freeahok httpstconlgbecj4jc
196,Non_HS,jadi orang tanggung jawab ata segala tindak dengan anda tuai yang positif sidangahok
197,Non_HS,matanajwadebatjakarta terima kasih beri didik demokrasi rakyat indonesia khusu jakarta
198,Non_HS,agam datang dr hati dalam bukan dr citra tetap3 jktberagam
199,Non_HS,bangun bangsa negara engga cukup metoda citra tanpa uji lewat rekam jejak integrita tokoh
200,Non_HS,jangan pihak badan hukum itu rusak demokrasi import matanajwadebatjakarta
201,Non_HS,lo cerita kalimat2 yg lontar ani matanajwa dgn bahasa lo sendiri lo luar biasa matanajwadebatjakarta
202,Non_HS,kalau liat sosm pak ahok menang telak sayang katakata mani lah yg serap bbrp warga kecil matanajwadebatjakarta
203,Non_HS,mah basuki beba kan freeahok httpstcomw3k0vywef
204,Non_HS,debat matanajwa ahok makin liat ata angin kliatan sangat kuasa problem solusi tata kelola jakarta
205,Non_HS,kalau lihat ahok kayak lihat power ranger merah
206,Non_HS,simpul ahok spt biasa foku detail program ani terlalu foku jatuh lawan matanajwadebatjakarta
207,Non_HS,tunjuk sangat buat seriu gak mau ganggu selamat pak aniesbaswedan buat gaga nya matanajwadebatjakarta
208,Non_HS,jangan berpihakmelayani rakyat sepenuh hatituhan beri kuasa tuhan mengambilahokmatanajwadebatjakarta
209,Non_HS,pak ahok jangan blunder dong pakdari tadi udah bagu tanya komitmen terima hasil kontestasi matanajwadebatjakarta
210,Non_HS,jangan pihak badan hukum itu rusak demokrasi import matanajwadebatjakarta
211,Non_HS,lo cerita kalimat2 yg lontar ani matanajwa dgn bahasa lo sendiri lo luar biasa matanajwadebatjakarta
212,Non_HS,debat matanajwa ahok makin liat ata angin kliatan sangat kuasa problem solusi tata kelola jakarta
213,Non_HS,kira jakarta makin baik selamat juang buat pak ahok pak ani matanajwadebatjakarta
214,Non_HS,masih ahok debat soal program jlebb ko kena uppercut ani soal kjp pergubnya blm rubah roemahdjoeang netizentofa cepot234
215,Non_HS,rt alysap semua anut agama dapet hak sama ahok matanajwadebatjakarta
216,Non_HS,aku heran ilklan kampany ahokdjarot yg baru begitu aku loh bingung bkn akuangasiang ame iklanahokjahat
217,Non_HS,abi nyoblo stream video kembang pilkada 2017 pake sisakuotagakhangu im3ooredoo kuota ga habi deh
218,Non_HS,muslim sedang uji negara yg mayorita islamsemoga smua sabar tahan utk bicara kasar sbg bala
219,Non_HS,kira jakarta makin baik selamat juang buat pak ahok pak ani matanajwadebatjakarta
220,Non_HS,rt grcllafrn pak ani inget apa yg kau tabur yang kau tuai jadi takut sendiri matanajwadebatjakarta
221,Non_HS,rt kompascom bagaimana metod tari sampel hitung cepat yg laku litbang kompa dlm pilkada dki jakarta 2017 simak sini
222,Non_HS,mnding diem aja pak basukibtp semua gera salah klo wktunya menang ntar jga menang iklanahokjahat
223,Non_HS,rt netmediatama bincang tarik quick count pilkada 2017 sama irakoesno netpilkada httpstcoodbvw4uwmr
224,Non_HS,syukur tutup kampany hari doa pilkada dki jakarta 15 februari 2017 jalan dengan lancar
225,Non_HS,julia perez kecewa gagal nyoblo pilkada dki 2017 tp 15 rscm httpstcovajplioiek
226,Non_HS,sedia ambulan pasien coblo pilkada dki 2017
227,Non_HS,rt miekarinayam tanya memang tak ikut pilkada 2017 saya hilang hak saya yg jamin konstitusi
228,Non_HS,allah ani sandi bakal jadi gubernur dki jakarta pilih tahun
229,Non_HS,domisili gue jakpu belabelain tp yg lokasi jakbar dgn modal ektp buat ikut pilkada 2017
230,Non_HS,rt netmediatama presiden jokowi guna hak suara pilkada dki jakarta 2017 tp gambir jakarta pusat netpilkada
231,Non_HS,rt boelatboelat agre pak basukibtp kuasa tuhan kasih jatuh tuhan naik matanajwadebatjakarta
232,Non_HS,rt azzambarbarossa akibat nila titik rusak susu bangga akibat mulut oknum tak didik rusak satu bangsa iklanahokjahat
233,Non_HS,mudahmudahan novel baswedan alami buta mata kalau buta siap donor mata untuk
234,Non_HS,mereka laku apakah rubah ada para pilih iklanahokjahat
235,Non_HS,rt hariadhi siapa yg salah ahok iklan bukan perlu prote orang yg benar2 pake spanduk iklanahokjahat httpst
236,Non_HS,samp sekarang gue blm ngerti dp rumah gmn skema tr emg ya perban yg mau ngasih kredit rumah gak pakai dp debatfinalpilkadadki
237,Non_HS,debatfinalpilkadadki ani gubernur pimpin bukan administratur layan masyarkt padah layan cermin integrita
238,Non_HS,kalimat tutup ani ambisiu ahok minta maaf karakt bisa bohong debatpilkadadki debatfinalpilkadadki
239,Non_HS,tunjuk sangat buat seriu gak mau ganggu selamat pak aniesbaswedan buat gaga nya matanajwadebatjakarta
240,Non_HS,rt belaquran tdk provokasi dgn sentimen jual sara mu karena cinta indonesia iklanahokjahat
241,Non_HS,makin umat suguh iklanahokjahat akan makin lihat siapa tebar benci rukun antar umat agama
242,Non_HS,hampir semua poll ani sandi menang moga hari nya demikian aniessandi
243,Non_HS,rt anjisudirman fahiraidri yg iklan kampany ahox yg sama sebarin spanduk syariah brosur black campaign iklanahokjahat
244,Non_HS,oke oce jadi brand semua jadi oke oce bahkan ada kampung oke oce debatfinalpilkadadki
245,Non_HS,rt belaquran sungguh sgt heran kampany kebhinekaan tp sebar islamophobia kebhinekaan yg mana yg maksud
246,Non_HS,debat final pilkada dki jakarta siapa gagap siapa tepat jawab adjat sudradjat
247,Non_HS,soal pimpin kait lisan apa beda gubernur anakanak matanajwadebatjakarta
248,Non_HS,cerita djarot harap buat dukung tetap damai debatfinalpilkadadki temanahok aniessandi
249,Non_HS,cuman mau bilang sama seriu banget ngetweet pakai hastag iklanahokjahat gitu aja baper
250,Non_HS,ira koesno dekat aniessandi lalu marah dukung paslon debat pilkada dki
251,Non_HS,alhamdulillah allah swt moga jakarta punya gubernur baru yg lebih sahaja sahabat utk semua aniessandi
252,Non_HS,jelang larut malam diskusi aktif golkar tingkat lurah siap gabung menang aniessandi
253,Non_HS,rt alayyubichoir sosok ani sandi aku sgt ayom sangat kompeten utk bangun ruku kebhinekaan jakarta
254,Non_HS,rt nielchen99 ngomong mani memang gampang gilir kerja bingung matanajwadebatjakarta
255,Non_HS,19 april saat pent warga jakarta tentu masa depan ibukota
256,Non_HS,rt maharanisinta70 terimakasih pak ani pemaparantentang dp beri solusi warga jakarta ingin punya rumah tidak nyewa teru
257,Non_HS,aku perhati tim ma aniesbaswedan sibuk ngoceh basukibtp program gak nguru diri sendiri
258,Non_HS,kalo pilih gubernur yg jujur kerja nyataanti korupsitegaspintermlyani rakyat ikla peduli pilih ahok djarot
259,Non_HS,rt aniessandi rangkul tegak hukum pimpin hadir beri contoh buat aniesbaswedan
260,Non_HS,hasil kerja ahok djarot sungai jakarta normal bersih enak pandang
261,Non_HS,ahok ani sama baik kok sama bagu sama oke siapa yg pilih yg menang tetap rakyat jakarta
262,Non_HS,moga pak basuki jadi presidenagar indonesia lebih maju
263,Non_HS,allah swt tdk butuh tapi yang butuh allahrezeki hidup mati allah yg tentu mau khianat allah yakin gak nyesel sidangahok
264,Non_HS,sidangahok lanjut rekam muat kampany ahok dpp nasdem juga pulau ribu adrieedu httpstco8p5p4ducfg
265,Non_HS,rt januromank2626 ahok beba hukum adil lanjut baik dki moga hakim mmpunyai sens justic
266,Non_HS,bangkit listrik tenaga pana bumi besar dunia citipeka sidangahok tebak2anhajidjarot httpstcoktxdxzsh8h
267,Non_HS,rt findririn toleransi ketika muslim jalan perintah agama non muslim bisa jalan agama
268,Non_HS,rt findririn walaupun arti teman setia lebih hindar kalau jd pimpin
269,Non_HS,semua jujur dapat pahala dr surga freeahok
270,Non_HS,mah basuki beba kan freeahok httpstcomw3k0vywef
271,Non_HS,rt ruridajihandari sidang apa drama korea samp 20kali tunggu sidang ahok season nih kayak goblin mah kalah pamor
272,Non_HS,anda transportasi onlin mana kata tarif murah aman nyaman layan
273,Non_HS,nelayan jakarta disiapin pulau khusu pemda dki lunchbreak sidangahok
274,Non_HS,ada potensi radikalism pilgub dki jakarta lunchbreak sidangahok
275,Non_HS,rt novenstjk siar ulang ahokdjarotdirosi malam saksi yuk kompastv ahokdjarot temanahok
276,Non_HS,cuma org yg salah yg takut dgn doa ituanda salah takut tobat doa nyata
277,Non_HS,selamat pagi met aktifita happi weekend moga jadi orang jujur biar hidup slalu mujur aamiin freeahok
278,Non_HS,ahok tuntut tahun penjara mungkin voni beba masalah warga dki lanjur hilang pimpin baik freeahok
279,Non_HS,alhamdulillah tuntut jaksa tahun masa coba tahun yg arti sbnrnya jaksa aku kalo ahok tak salah freeahok
280,Non_HS,kalah menang tetapahok terimakasih krn banyak ngasih ajar bagaimana kerja kera utk rakyat dgn bersih
281,Non_HS,pilkada serentak megawati minta jangan intimidasi politik uang httpstcozhhvj4qrri
282,Non_HS,thw911 aniessandiaga minta doa ustaz debat pilkada httpstco2odlryteu1
283,Non_HS,jangan pernah lelah abdi indonesia pak basukibtp tetapahok
284,Non_HS,laitssaja menang ani siap rangkul paslon jika menang kontestasi pilkada httpstcokg40ytelwx
285,Non_HS,laitssaja tnipolri sinergi jaga aman jelang pilkada dki tni polri teru bersin httpstcohp77i9lffg
286,Non_HS,noviewednes72r bismillah inshaa allah agu sylvi menang pilkada dki 1putaran jadi pimpin yg amanah cinta rakyat jakarta
287,Non_HS,trima kasih pak uda bikin jakarta lebih baik lama bapak jabat
288,Non_HS,nuonlin sikap jela tega tertib aman ibu kota negara jelang pilkada dki jakarta
289,Non_HS,rencana tuhan lebih baik rencana manusia mungkin ahok bs kerja kebih baik posisi
290,Non_HS,kalah tp aku tetap rasa hormat dukung badja terimakasihahok
291,Non_HS,basuki tp ahok wawancara inform wartawan balaikota httpstcog7ib5h5rul
292,Non_HS,terimakasih pak ahok basukibtp tetapahok kita memang siap kalah selamat buat gubernur baru
293,Non_HS,lucu yuk lihat ahok promosi musik dangdut tamu mancanegara
294,Non_HS,tenang pilkada ahok foku kerja balai kota peresmianperesmian rptra csr tunda
295,Non_HS,mantab ahok pemprov dki jakarta terjun alat berat keruk sampah waduk pluit
296,Non_HS,pagi polrestro beka gelar pasu pilkada httpstcoyprv5nnjsb
297,Non_HS,pak basukibtp hanya bantu sampai sbg orang2 sekitar pak ahok sampai beliau rawa blusukanahok gue2
298,Non_HS,pak ahok kalau jadi gubernur jangan lupa haru bangun provinsi jambi buat lahan tani semua jln kreta api jambi riau lampung
299,Non_HS,partai nasdem optimi menang pilkada serentak 2017 httpstcoeoazcxai94
300,Non_HS,biar kalah tetap bangga sabar ikla terima nya bnyak jabat untuk pak ahok tetapahok
301,Non_HS,sabar ikla pak apa hasil nya tetap dukung mna punjabatn apa yg bpk emban tetapahok
302,Non_HS,wlaupun tak kenalsaya yakin slama kamu tlah bkerja kra tuk buah nilai yg juang
303,Non_HS,rt ahokdijeg mgk bs dukung dlm jujur niat baik utk layan warga gantiin dlm kerja
304,Non_HS,puluh personel brimob nunukan berangkat aman pilkada dua provinsi
305,Non_HS,basukibtp sing sabar pak simpen energi bapak bagi indonesia gusti allah mboten sare pak
306,Non_HS,saya pilih sehat saya kompensasi sarap pagi uhm umum gak sehat impa
307,Non_HS,rt aktualco mahfud md heran uu pemda sangat jela mendagri keukeuh tahan ahok
308,Non_HS,rt alissawahid tuip ibu sinta nuriyah pernah keluar nyata kait pilkada dki
309,Non_HS,rt amaliaamelcute2 lebih tambah jatuh hati deh jadi tak pale pilih yg tetap pak ahok djarotlah yg baik
310,Non_HS,rt anakbaranusa yoi jela pemenagnya hanya satu pasang calon buka apa tiga milik peluang yg sama
311,Non_HS,rt atabdillahtoha aksi 112 tampak ubah jadi zikir pilkada jauh yg tahu zikir ibadah dekat diri allah
312,Non_HS,rt blogdokt jangan pilkada pent politik saat sahabat saudara putu adalah saudara
313,Non_HS,rt brani2000 pilkada beltim kampung sendiri ahok 33 suara babel kalah telak pilkada dki pale cuma suara
314,Non_HS,rt gembok allah beneran pak ahok akhir samperin si emak
315,Non_HS,terimakasih pak basukibtp tahun tahun sbg wakil gubernur tahun sbg gubernur
316,Non_HS,rt eliyamkom simpul tuip kita menang agu sylvi satu putar gak perlu pakai putar segala cuma habi waktu
317,Non_HS,selamat ata menang bapak ani sandi moga jakarta satu
318,Non_HS,bangga milik putra bangsa pak basuki pak jarot
319,Non_HS,tementemen apa pilih ada hidup pilkada sale rangkul saat jakarta maju bahagia sama
320,Non_HS,selamat ata statu baru pak aniessandi semangat pak moga semua sesuai janji
321,Non_HS,pak ahok basukibtp tetep semangat yaaa akan selalu harga kerja kera bapak saya ucap selamat ata menang paslon nomor aniessandi
322,Non_HS,terima kasih pak ahok pak djarot bangga perna pimpin sama bapak berduatetap semangatsuks teru pak
323,Non_HS,terima kasih pak ahokdjarot sama beberapa tahun
324,Non_HS,rt ferpuadvoc sumarsono gaya pak ahok yg kerja kera patut contoh itu bagu
325,Non_HS,rt franstone888 klo semua mau jujur pake hati nurani ahok adlh yg baik buat jakarta gubernur yg jujur benar2 perhati pd warga
326,Non_HS,pak ahok best aku salut sama pak orang nya sabar coba tuhan pak ahok best
327,Non_HS,rt hariadhi makasih pak ahok ajar makna peduli sama rakyat andai masa depan dpt sempat
328,Non_HS,rt ipunglombok hadeuuuh jadi gaduh gin pilkada dki padah pilkada serentak 2015 lalu aman aman
329,Non_HS,rt mbaknevi masyarakat transportasi jakarta dukung ahokdjarot httpstco7fdwk8xvcb
330,Non_HS,sudah tarik lihat debat pilkada dki ada tarik salah satu cagub sere kepal tangan saat jela
331,Non_HS,semangat teru maju teru dalam tuhan god bless forev bpk ahok famili
332,Non_HS,selamat tuga pak ani moga jakarta jadi lebih baik
333,Non_HS,aniesbaswedan sandiuno selamat pak tunggu program realisasi jangan kecewa jakarta
334,Non_HS,selalu doa yg baik untk bapak bapak dapat banyak ucap saudara gaza palestina
335,Non_HS,selamat untk bpk aniesbaswedan sandiagauno ata menang moga allah kah tiap langkah yg bapak ambil aminnn salam3jari
336,Non_HS,rt netmediatama telah siap ikan baik ajang debat buka
337,Non_HS,pak ani pak sandiuno selamat sudah pilih jd gubernur wagub jakarta
338,Non_HS,rt partaisocm jahat perban yg spin tim ahi pent pilkada
339,Non_HS,rt swamediumcom agussylvi prediksi maju putar dua pilkada dki versi survey grp
340,Non_HS,rt temanahok alhamdulillah sambut antusia warga tiap blusukan pak ahok selalu real ngga settingan
341,Non_HS,detik pak ahok harap besar prayforjakarta
342,Non_HS,tuhan punya rencana yg indah buat pak ahok pak djarot
343,Non_HS,selamat terima kasih banyak pak ahok pak djarot yg tunjuk negara masih punya orang2 baik
344,Non_HS,terima kasih pak ata segala baik jakarta sudah kalian tancap hati warga jakarta
345,Non_HS,bapak ani sandi mungkin besar menang
346,Non_HS,terima kasih dukung percaya tuhan tahu baik jakartapunyasemua
347,Non_HS,gubernur wakil gubernur baik pernah jakarta milik
348,Non_HS,rt triwul82 jelang akhir masa tuga plt gubernur dki aku kerja ahok httpstco04ihgi5cwz
349,Non_HS,rt wolfcrim dukung telah baiat tak pilih agussylvi terima risiko
350,Non_HS,mutiara tetap mutiara pak ahok djarot tuhan pni rencana yg lebih dahsyat utk bapak ber2 utk indonesia maju teru
351,Non_HS,tuhan percaya yang lebih besar kepada pak ahok hanya jadi gubernur dki jakarta
352,Non_HS,love pak ahokaku bisa doa moga tuhan kati salam jari pa ahok love
353,Non_HS,survei baru aniessandi lejit jauh tinggal ahokdjarot httpstco2ihhuzpsbf
354,Non_HS,aku aku pak ahok tangguh sekali apa ada
355,Non_HS,selalu dukung doa untuk ahokdjarot terimakasih
356,Non_HS,meski badj tak jadi layan rakyatkami selalu doa baik buat badja bangga pernah milik kalian
357,Non_HS,mudah2han pak ahok jadi nomor satu indonesia
358,Non_HS,tp paslon pilkada dki jaga ketat
359,Non_HS,bukan duduk jakarta saya kagum sosok ahok jarotallah memang punya rencana lainselamat beliau
360,Non_HS,pak ani bongkar masjid yg bangun pak ahok daan mogot
361,Non_HS,blm move mend bsk piknik aja mumpung long weekend heheh
362,Non_HS,moga bapak teladan sosok bang yo gubernur jakarta sangat cinta persijajkt
363,Non_HS,pimpin yg baik pimpin yg erti jiwa pemuda lanjut pak aniesbaswedan
364,Non_HS,sini mendulungmu jakarta yg maju bukan ekonomi nya juga prestasi sepakbola nya
365,Non_HS,negara negara bhineka tunggal ika jadi ga liat pimpin agama ra budaya
366,Non_HS,pak aniesbaswedan sini mendulungmu jakarta yg maju bukan ekonomi nya juga prestasi sepakbola nya
367,Non_HS,gw yakin suatu pasti pak basukibtp ada patung tanda jasa entah di indo di madam tussaud
368,Non_HS,doa baik yg baik2 tuhan baik klo doa jelek jahat balik diri yg doa loh
369,Non_HS,badja jakarta butuh kalian tapi indonesia tunggu abdi kalian
370,Non_HS,artikel untuk ma pandji reklamasi gusur dp rupiah oke oce hingga figur satu
371,Non_HS,besokgueahok bukti uji segi kerjanyaahok dki jakarta lebih baik kemudian tetapahok
372,Non_HS,ga tinggal jakarta sih tp rumah ngotot banget dukung pak basukibtp
373,Non_HS,semangat pilkada untuk pilih untuk pilih tetapahok
374,Non_HS,beda vital reklamasi sama rumah justru gak kutik sama sekali
375,Non_HS,sabar dulu jgn tergesa2 nagih beliau lantik baru bulan oktob
376,Non_HS,pak aniesbaswedan knpa ngga mampir dulu tempat orangtua ngefan bgt
377,Non_HS,moga persijajkt lebih maju ada gubernur era baru
378,Non_HS,tetap masyarakat jakarta selalu buat jakarta lebih baikdan hasil sudah bukti
379,Non_HS,bagai masyarakat jakarta salut pimpin pak ahok
380,Non_HS,semua sayang ahok harap ahok jadi presiden lanjut sama pak jokowi
381,Non_HS,bukan milik jakarta ahok milik untuk bangun jakarta lebih baik
382,Non_HS,pak ahok jadi cagub beka aja pak beka mau pimpin orang bapak biar ubah lebih baik basukibtp
383,Non_HS,kalah ahok mundur adab indonesia selamat datang radikalism akal sehat tidak negara
384,Non_HS,semangat pak ahok bapak juang kuat tenaga sudah usaha laku baik terima kasih pak
385,Non_HS,terima kasih pak abdi dijakarta gudang minta warga
386,Non_HS,mungkin kata kata sakit pak moga jadi semangat bapak depan
387,Non_HS,walaupun bapak menang saya nikmat kerja kera bapak lama jabat terima kasih bapak ahok
388,Non_HS,miri pak ahoksuks slalu buat idola pak ahok
389,Non_HS,gue lebih suka ahok bantuin jokowi ngurusin indonesia lebih cepet maju bukan jakarta
390,Non_HS,pak kok pngn peluk bapak bilang pak tetap semangat saya selalu doa yg baik bapak
391,Non_HS,aya bukan warga jakarta tp sere jakartasaya bangga jakarta pernah pegang bapak jadi rapih pak sekarang
392,Non_HS,seyogyanya pilih tetapahok karna lihat cerah pd sistem birokrasi
393,Non_HS,pak ahok tetap jadi gubenur hati
394,Non_HS,lahir jakarta samp detik baru gue liat kali pintu air manggarai bersih sampah pa jaman jokowi samp ahok tetapahok
395,Non_HS,gpp kalah mungkin bom rejekinya pak kami bapak tetap pimpin jujur tetap karya nyata
396,Non_HS,lama 20 tahun tinggal jakarta baru tahun akhir benarbenar asa ubah sadar kalau akitbat gubernur
397,Non_HS,aku cinta pak ahok terimakasih pak ata jasajasa kerja nyata lama tahun akhir
398,Non_HS,tetap semangat pak ahok terimakasih ata semua yg ikan jakarta suks selalu buat pak ahok
399,Non_HS,pak ahok tetap dukung apa jadi
400,Non_HS,terima kasih banyak buat kerja kera pak ahok team lama pimpin dki jakarta tetap semangat selalu pak god bless bapak famili
401,Non_HS,bapak ahok sosok saya bangga terimakasih pak rubah jakarta
402,Non_HS,moga pak ahok selalu dlm lindung tuhan sayang sama pak ahok pak ahok orang baik
403,Non_HS,terima kasih pak basuki kapan sejarah catat bapak bawa ubah kami warga jakarta
404,Non_HS,lanjut juang pak bapak orang baik tempat tempat yg lebih baik
405,Non_HS,kau lah hebat karna kau lah dapat inspirasi alam sangat harga
406,Non_HS,buat pak ahok tetap karya pak ada sempat lebih baik 2019
407,Non_HS,pak tuju kalo pak jadi gubenur kerja pak sangat bagu rena kerja pak basuki tega keluarga dukung pak basuki
408,Non_HS,bapak tetap yg baik jakartaterima kasih pak semua yg bapak kerja lama moga allah selalu meridhoi bapak tiap langkah bapak
409,Non_HS,jabat bukan pent yg pent bapak tetap orang hebat jakarta kerja kera pak ahoksekali terima kasih pak ahok
410,Non_HS,pak ahokwalau bukan warga dkisaya sangat sedih bapak pilih lg jd gubenur dki
411,Non_HS,bpk lah gubernur satu satu yg bawa ubah jakartasemangat pak
412,Non_HS,pak ahok punya ibu ibu selalu doa pak ahok waktu tiap pagi jam ibu benar kecewa hasil pilkada
413,Non_HS,kalah menang biasa kuasa di tangan tuhan asal bapak ahok jual iman pak ahok jabat
414,Non_HS,terimakasih banyak pak ahok djarot kerja tulu kera jakarta
415,Non_HS,media ase sorot hasil pilkada jakarta
416,Non_HS,ahok banyak ajar pilkada dki
417,Non_HS,ajar petik ahok pilkada dki
418,Non_HS,ahok lupa semua masalah kampany pilkada
419,Non_HS,presiden percaya pilkada dki hasil pimpin baik
420,Non_HS,kapolri pasti pilkada dki jalan lancar sejuk
421,Non_HS,amat pilkada dki pana parpol sulit disiplin massa
422,Non_HS,parpol dukung ahokdjarot komitmen jaga pilkada damai
423,Non_HS,aman pilkada dki polisi terap sistem aman
424,Non_HS,tiga instansi keluar maklumat larang mobilisasi massa pilkada dki
425,Non_HS,nyata baju pakai ahok debat pilkada yg tonton lalu metro tv sama yang tv one barusan cek
426,Non_HS,warga negara baik lo wajib ikut suks pilkada jakarta 2017 temu performa beda debat pilkada pukul
427,Non_HS,debat akhir tentu elektabilita pilkada dki putar dua
428,Non_HS,terima kasih bapak ahok jasa2 bapak selalu bangun jakarta lebih baik
429,Non_HS,salut banget sm pak ahok benar2 jiwa kesatria langsung ucap selamat pasang ani sandi
430,Non_HS,keluarga guna hak pilih pagi jangan lupa warga jakarta datang ke tp jam siang
431,Non_HS,terima kasih buat jakarta jadi lebih baik pak tetap semangat
432,Non_HS,akhir orang jahat jatuh orang baik bangkit
433,Non_HS,meski jatuh berkali2 tuhan selalu angkat yg benar
434,Non_HS,rencana bapak di surga lebih indah yangg ingin bapak ahok tetap semangat pak
435,Non_HS,pak basuki pak djarot tetap kuat dalam iman harap
436,Non_HS,yakin ini bukan jalan baik anda hanya dar gubernur wakil gubernur dki
437,Non_HS,masyarakat indonesia khusu dki lihat pimpin bukan lihat hasil kerja
438,Non_HS,bagai rakyat indonesia bukan asal dki turut doa moga pak basuki pak djarot pernah lelah layan dan tetap teru semangat
439,Non_HS,jangan padam manusia pak kenang semua mani yg bapak juang
440,Non_HS,doa pak ahok tameng kejang2
441,Non_HS,tetap semangat pak ahok aku selalu dukung pak ahok djarot
442,Non_HS,menang debat pilkada dki malam adalah ira koesno
443,Non_HS,selamat buat pasang aniessandi menang versi quick count terima kasih buat ahokdjarot ata kerja luar biasa jakarta
444,Non_HS,semangat pak ahok walaupun warga bandung saya yakin pak ahok yg jadi juara
445,Non_HS,yg jela kerja kera dan jujur tetap pak ahok
446,Non_HS,maaf pak tidak ikut nyoblo ktp jakarta skrg tinggal bandung saya hanya doa
447,Non_HS,moga ahokdjarot teru lanjut visi misi nya bangun kota jakarta lebih rapih bersih nyaman
448,Non_HS,nama tuhan jakarta yg lebih baik
449,Non_HS,semagat buat pak ani moga selalu rahmat tuhan yme
450,Non_HS,semua warga dki guna hak pilihmujangan takut smua warga yg punya hak sehat lahir batin
451,Non_HS,moga tuhan beri seluruh masyarakat dki jakarta adil sesuai pimpin yg benar2 rakyat amin
452,Non_HS,ek dukung agussylvi jakarta timur deklarasi dukung ahokdjarot
453,HS,pasti salah jokowi ahok kafirkafir atei httpstcov2grcuesti
454,HS,fahmiabuazzam1 biar aja biar tai nya kena bapak lo ya loh tuh kan gak suka sm ahok jadi biar loh sm bpk loh sm ibu loh kena tai nya
455,HS,rt bungwinar angin memporakporandakan basi menang si nista agamacililitannya alloh ampun kaminjakartabanjir
456,HS,rt lupuz0503 prestasi ahok nselain mjadi mafia koruptor nista agama diri bhasil tenggelam jkt lalu congor cebon
457,HS,ulama kompak nyata harampemimpinkafir pilih ahok murtad
458,HS,kau dik tinggi bodohgk larang bawa agamabiar orang islam yg bayar ahok sadar gk jadi milih ahok gla
459,HS,indopoint tanah abang cina udah mulai resah stre gara2 si nista agama pilkada pasar jd sepi sepi lg ha ha
460,HS,investigatorri betul semua pihak yg tentang si cina kafir ahok di kriminalisasi polisi dgn smua rekayasa hukum nya
461,HS,yohanestarigan9 ga habi pikir fanboy ahok bego bego pada ga ngerti sejarah gampang jebak iklan maaf
462,HS,zufrianto3 lebih baik pilih ahok drpd pilih yg se iman tp koruptor dn munafik bodoh kau
463,HS,ahok si hina al quran ulama selalu sikap jijik sok suci rasa pale benar httpstcobtkcetnk0g
464,HS,ayo umat islam yg pinter jgn percaya klo aksi 112 tdk hubung dgn pilkada pihak ahi yg bayar ani yg untung ud83dude01
465,HS,debatfinalpilkadajkt mampuuuusssssss mpok silvi
466,HS,hidup china komuni httpstcob1rhevkrxl
467,HS,tuh salah jokowi ahok si babi atei httpstcov2grcuesti
468,HS,kalo ahok menang pilkada bikin video sex bareng anak dong tan httpstco7msmthwwlk
469,HS,keluarga besar yang domisili jakarta pilih ahok httpstcogzkzftpvcw suara ulama bulat harampilihahok jangangolput
470,HS,ketutunan cina luar kota pulau mulai kejakarta mau coblo ahok ktp aspal kamboja
471,HS,rt indopoint china babi china malingnusirchina httpstco9y4hiwhjp2
472,HS,rt mosangada72 mau pilih agussylvinanaknya sbi keluarga koruptornblusukanahoknberjamaahcoblospecinyau2026
473,HS,tangkap ahok klompok nya yg laku palsu ktp karna rupa penghiyanat bangsa negara
474,HS,tangkap ahok sekarang share tuju
475,HS,sayang sekali bangsa pale jago kalau merasarasa yg dukung pak ahok rasa pale benar yg dukung ma ani rasa pale suci
476,HS,video ahok hina agama kristen agama konyol ahokpecahbelahbangsa
477,HS,bukan nista agama jpu ahok pecah belah bangsa httpstco6qkifcjqhq
478,HS,mbak sylviana pleas sehat debatfinalpilkadajkt perjuanganbelumselesai
479,HS,nomor sok tau lansung skak wkwkwk debatfinalpilkadajkt
480,HS,rt gemacan70 ayoo jaga utuh nkri tangkap nista agama stopkriminalisasiulama httpstcodxidq4zqhv
481,HS,lupuz0503 lihat salah satu dukung mafia koruptor nista agama gerombol banci titot laku bidik arah
482,HS,tobat yuk lambat biar gerombol jil aja yg doa konsisten bela kafir hingga akhir hayat httpstco979uj6itrm
483,HS,rt ustadtengku allah mereka tempuh cara2 curang utk menang si nista agama engkau kirim malaikat maut utk menyelesu2026
484,HS,banyak fitnah nih mpok silvi debatfinalpilkadajkt gue2
485,HS,fpi dukung ahok kalah jumlah izin allah gusur gubernur koruptor nista agama httpstcojp7pglrgi
486,HS,jakartabanjir pimpin gak punya akhlak yg baik nista agama httpstcopnegdjmpch
487,HS,rt felixsiauw twit begini asik lo jadi tau mana akunakun propenista agama akunakun buzzer kerja hujat
488,HS,divhumashansip ahok siap bela nista agama httpstcohxuu4rudfx
489,HS,rt alwinazar24 seperti cucu dajjal hadir
490,HS,siang malam maki2 ulama nongkrongi medso ulama2nbela nista agama yg sombong minta ampun
491,HS,rt jhonkosmik apa mayorita etni china dkinmengapa solid dukung nista agama islamnndendamntidak nasionali
492,HS,muka mpo silvi asem bangett ngakak kena deh abi jahat sih debatfinalpilkadajkt
493,HS,rt godinj760478 tempodotco gara2 bain dakwa nista agama jadi rek semua sukurin
494,HS,rt chaeruddinb kumpul teman nista agamantdk empati buat korban banjir koar2 puji junjunganya httpstcoxqfktdg74x
495,HS,rt terorissocm penjara nista agama jokowi turun httpstcovqh0tnxarz
496,HS,si nista agama jaga mulut aja gabisa jaga jkt
497,HS,ahok program paslon program ngambang yaiyalah pakkk gak program diaa cma cela debatfinalpilkadajkt
498,HS,aku ahok djarot kalian gagal ata banjirorang kena banjir sibuk sidang kasu nista agama
499,HS,rt 87julay iyaa ahog ngak pant jadi pimpin pantesnya nista agama penjara httpstcoyhho40qwx
500,HS,rt wongawa overdosi metrotv bela nista agama httpstcoi84rarpy5w
501,HS,kaga masuk akal kite kalo suara orang nista agama yg dah kutuk ame umat islam suara nye tinggi emang sengaja ditinggiin tuh
502,HS,rt andreobz panta pecat dr menteridata2 aj ngawur memkasakan betulhahaha ahokpastitumbang paslon3 pilgubdki
503,HS,rt bangsapenguasa penjara ahoax nista agama jokowi turunkonsolidasidewanpkb httpstcoxow5eakisk
504,HS,napa dibiarin tim si nista agama maen curang maren emang sengaja dibiarin biar ntar gaplok umat islam rame2 se jakarta tuh nista
505,HS,hahahahhahaa silvi ohh silvi cace loe ahhh wkwkwkwkwkk debatfinalpilkadajkt
506,HS,rt rakyatangin ahok taik menfitnah emang lu tukang caci maki perempuannn asuuu ahokpastitumbang debatfinalpilkadajkt
507,HS,rt hasanarisandi ahokpastitumbang fakta bilang fitnahndebatfinalpilkadajkt
508,HS,shame silvi ga malu fitnah tuh rasain pak ahok pana skak mat debatfinalpilkadajkt
509,HS,bu silvi anti pn level rendah kata debatfinalpilkadajkt
510,HS,rt annisafytr orang islam bodoh goblok milik ahok debatfinalpilkadajkt
511,HS,divhumashansip fitnah fpi pecah ulah ahok yg lihat elektabilita ahok tinggal 10mereka kelojot lihat muinumuhammadi
512,HS,norak banget iklan mantan mendikbud aniesbaswedan tambah gak respech ini tenun bangsa yg maksudu2026 httpstcoux7heykblg
513,HS,rt divhumashansip yg nebar benci ahok mbakmasa mbak gak tau sih dia jadi dakwa loh anizzahgedrun
514,HS,tanya bu sylvi gak mutu debatfinalpilkadajkt
515,HS,huuu sylvi tak tahu apaapa asal ngoceh nobarahokdjarot debatfinalpilkadajkt
516,HS,sylvi liat bloonnya debatfinalpilkadajkt
517,HS,rt wanitarevolusi ahoax nista agama olok olok surat almaidah 51 cc dahnilanzar
518,HS,jakartabanjir pimpin gak punya akhlak yg baik nista agama
519,HS,debatfinalpilkadajkt mati kau hok
520,HS,yg ga punya program bisa cuma fitnah ciri orang yg demen ngambil kjp kontan debatfinalpilkadajkt
521,HS,mpok silvi nyinyir melulu tanya nya sayang sesat maklum sih dese emakemak debatfinaldki debatfinalpilkadajkt
522,HS,rt bajigurceleng jpnncom hahaha jelas2 buat pilkada dasar polisi made cina lindung nista agama
523,HS,kurang daya wanita dki jakarta lihat telak beda warna muka warna tangan mpok sylvi debatfinalpilkadajkt
524,HS,agu silvi tukang fitnah debatfinalpilkadajkt
525,HS,debatfinalpilkadajkt yaudah gu sini kalo ga sakit fisik verbal gw gebukin lo rame2
526,HS,keluarga gak yg male coyi gak perlu trauma kaleeee emang kluarga ent
527,HS,jg kait jokowi ahok kata johan budi kata sebab jokowi anj ahok babi jela beda walaupun otak sama
528,HS,baje lu silvi debatfinalpilkadajkt
529,HS,hasil akhir nyata jokowi lindung ahok dakwa nista agama
530,HS,rt sibonekakayu lepa banjir jakarta 212 dukung ahok ganti narasi doa semua untung sang nista agama
531,HS,tionghoa kata kaya kok putu sekolah banyak dugem
532,HS,gusur ahok indonesia teladan buruk bangkang hukum anti manusia jakarta jgn tular daerah coblospecinya
533,HS,buat ahok takut mati gg disholatin tenang abu janda ust gadungan yg siap sholatin ahok jokow
534,HS,mampuuss tembak dalem banget silvyy lo urusin tuh dapurr gak punya program demen nyerang teru gue2 debatfinalpilkadajkt
535,HS,anjir baru kali lihat orang bego mau debat pilkada kerja nyerang karakt shame mpok silvi agu debatfinalpilkadajkt
536,HS,uang taipan tuh bayar ratu gusur biadab ahok
537,HS,cina asu httpstcozm1bsjaiha
538,HS,ngomong sylvi liat oke begitu debat ahok sylvi langsung kuat goblok
539,HS,jangan banjir tuhan aja lawan sama ahok jakartabanjir jakarta hari bukan banjir genang
540,HS,pemimpim pribumi knp pilih pimpin impor yg adab tukang bohong yuk pribumi dki milik bangsa ind gemacan70 terorissocm
541,HS,karna ga punya program modal bacot doang
542,HS,dukung arti bagi dr nista agama sebut dukung gera 100
543,HS,narkoba yg pale bahaya ilusi suci ahok sang nista
544,HS,tribunnew emang ahok siapa orang pent hanya nista agama
545,HS,cina mah duit hasil male indonesia balikin lgi kedok invest plu bawa gembel2 napi cina negeri nenek moyang ahok
546,HS,tangkap ahok basukibtp skrng koruptor reklamasi jakarta nista agama islam
547,HS,liat banget bego nya mpok silvi agu debatfinalpilkadajkt
548,HS,yg ahok klo gak neng ama cuit gw silah unfollow krn gw anti ahok si nista agama islam
549,HS,agama nista ulama leceh ala harampemimpinkafir
550,HS,rt fredybastian3 cara serang ahok kafir galak
551,HS,umnia77 ruhutsitompul sahala anjing2 ahokkaum babi lo bnyk bacotmnd duel sma gw
552,HS,ahok memang verbal kera lampia lari lelaki lunak
553,HS,yg male kan china2 babi blbi korupsi nya triliun masuk si ahok korupsi triliun
554,HS,mimpi djan farid jakarta lebih islami aceh ahok pilih ibarat babi rindu halal
555,HS,kompastv ridwankamil ridwal kamil memang hebat top kaya ahok tukang nista agama koruptor
556,HS,tpkri si ahok kutil babi
557,HS,dasar si kutil babi ahok memang tukang bohong bohong ahok jg biasa salah yg tutup gagal nya contoh soal banjir
558,HS,ponkecha fahrihamzah si dakwa nista agama alia si ahok babi jamban tuh morfotin uang rakyat jakarta
559,HS,omahoknyamana omkatanya si babi ahok ngatasi banjirombabi jgn bual om
560,HS,anak babi jalan nya nundukkarena malu liat ulah bapak nya ngebelain ahok
561,HS,perilaku si babi jokoanwar memang benci dgn bau islam cocok dgn ahok sibonekakayu
562,HS,budimandjatmiko ahok si kutil babi ke rumah lembang jakarta jadi banjir bud
563,HS,jujur orang cerda pintar pilih orang imam mampu pimpin sholatbisa ngajisantun sopantidak babi kafir ahok
564,HS,teman ahok emank tai pimpin kek babi temanahok
565,HS,mana babi ahok yg ngejek onta biar injek2 ama onta
566,HS,gotcancer2 bukan stigma babi milik tuhan elu si ahok kafir
567,HS,kampung dukung ahi httpstcogmezpoylsi
568,HS,anandaharahap udah lu jgn panik gitu ahok si kutil babi bakal tumbang kok putar dua teru cuapcuap mu sosm gak ngaruh
569,HS,ahok layak manusia lebih tepat babi yg punya akal pikir jiwa manusiawi
570,HS,halojakarta ahok btp basuki tai babi
571,HS,rt diyahaudya yusufdumdum yg cacimaki nista agama nyata tau poligami ngumpet2 apa mau digituin sih ogah
572,HS,adichandramang2 cummarachel korbangusur iya trump memang nista agama anti islam emang hubung dgn ani apa
573,HS,adichandramang2nada aseng koplo bela si nista agama yg durjana nyuruh org ngaji
574,HS,bayprio bodoh nista agama saat pilih pimpin yg kerja shalat waktu
575,HS,iwanf pilih ani sandi doongjgn pilih si nista agama pecah nkri
576,HS,posmetroinfo emang dakwa nista agama salah coba kl yg biasa bikin hoax metrotipu aman2 aja tuh dewan pere
577,HS,ramadanmalka pamor rk jadi akan tak arti parpol usung dukung nista agama
578,HS,restyseterah si ahok panta nobat sbgai babi ngepret
579,HS,roninpribumi dewanp yg salah mereka tuli dakwa nista agamacoba klo tuli baginda mulia ga masalahcuih
580,HS,fakta cina2 parasit tuh ngotot bain si nista agama pradanabhakti irianapasirua putrasumedang18 khoirulilham12 ronavioleta
581,HS,jokowi ratu adil apa ga turun darah biruadanya darah kotor cina babi httpstcojtwfrrdlf4
582,HS,rt restyseterah keren nih app kawal tp yuk gabung buat pasti cagub dakwa nista agama lebih cepat antar habitat
583,HS,kalau lo gak tau apaapa jangan koar sembarang dong liat banget kalau lo beneran bego fuckyou
584,HS,ahmaddhaniprast ahmad dhani hormat pale babi pale anj kontol pale lont tungu nya karier mu habi
585,HS,kang ridwankamil fakta hari inipartai dukung si nista agama sangat benci rakyattermasuk rakyat jabar httpstcob2wetyvrbz
586,HS,pli jangan sok cantik selalu pacarin artis2 lagi letek jijik gw liat
587,HS,pale mau muntah liat lagak nya ahmaddhaniprast jadi orang sok iye banget hoek
588,HS,metrotv kalau saya ngomong saya kata ahmad dhani monyet babi anj itu boleh
589,HS,perempuan kaya lo mend mati aja deh jelek aja gausa sok jadi make artist
590,HS,ahmad dhani borok sampah babi anj adalah orang pertama yg sangat muak liat muka dhani saya bangga
591,HS,lah emang sdh jelas2 si ahok dakwa nista agama malu woy httpstco2k0hlmpr9t
592,HS,putu erka hari haru hormat begitu balik tidak pilih partai dukung nista agama
593,HS,lupa ridwankamil biar karam dg kapal munafik bangun jabar dg kapal yg bersih delet partai dukung nista agama hati
594,HS,masalah dunia masalah nafsu kang ridwankamil kata2 kok sayap kayak burung hantu httpstcomwclbku4st
595,HS,nista agama jadi santri kehormatanyang kasih ke ahok otak perlu direparasidemi pulkada nama santri yg baik kail jual belikan
596,HS,payah banget ridwankamil maju jabar1 pakai partai nasdem dukung nista agama ent butuh uang kang payah loe
597,HS,polisi yg jadi imam sholat adalah orang nista agama bodoh islam cuma ikut2an copot kapolr jakbar httpstcos2h2ybrthm
598,HS,rt ferdyfrodoo bayprio bodoh nista agama saat pilih pimpin yg kerja shalat waktu
599,HS,rt rariarana gak habi pikirnntingg nunggu adzab allah nih negeri pimpin sdh dzalim httpstcoumzk4btyi4
600,HS,sini lu enggak mau kampung datang sama nista agama httpstco1z3mths9ck
601,HS,tuju sayaklau ahok gelar santri hormat santri hormat babi httpstcoud16d7gwhd
602,HS,senang dong yg fan mati lupa kalau bego banget httpstcoctjfc5a8zz
603,HS,ahmaddhaniprast lo tuh babi anj mampu kalah jatuh miskin deh bekasisah
604,HS,bayprio si ahoak basukibtp cina anj kafir nista agama islam
605,HS,ahmaddhaniprast aku kata anj kpd ahmad dan bolehaku kata babi kpd ahmad dhani
606,HS,bisniscom haha maki lawan mah drpd tinda pimpin munafik lindung nista agama agama islam taubat rot
607,HS,anakran63208433 5ec4a1e80d3c48c aniesbaswedan pikir anak bani kampret beda jauh sma nista agama penfitnah tipu garong
608,HS,gemacan70 yg cew pake kerudung ngapain tiap kali konfrensi per aja citra islami kaliiii bwahaha
609,HS,republikaonlin spt ahok dulu nasdem susul dg cs nya yg dukung paslon nista agama tukang caci maki tai tai
610,HS,topanjulian1 kalo mecin jangan dijadiin cemilan mang kang jadi bego bego banget
611,HS,ulinyusron cm didoain kalau mah ketemu si nista agama langsung ceburin laut yg reklamasi ijin sembunyi2 buat tumbal reklamasi
612,HS,ymerdeka33 achqodr basukibtp cabe2an nya bbmn facrbookn masalah politik mana tau doi tau nya berita2 sampah citra
613,HS,manusia apa anj matimatian rela jadi murtadz babi ahok kafir httpstco2xxn5cfdvm
614,HS,semua awal ahok jamban yg bela aparat kristen china kafir lain makin berani menghi httpstcoquutkrlsp3
615,HS,lebih resah jd presiden hidup penuh drama citra main ftv aja joko judul httpstcot2bugltnuo
616,HS,mana percya lagisdgkan induk nista smp skrg lum tahan tp malah bela httpstcooc1vgdx0z4
617,HS,seluruh muslim cyber armi mulai skrg ganti semua sebut ak jadi dakwa nista agama
618,HS,orang islam lebih suka si hoax nista agama jaga lisan tindak halhal rusak hubung httpstcoflhw31wxdu
619,HS,rt izzahpandeka nomor2koruptor negeri korup asuh cino babi httpstcowjxalypxpn
620,HS,rt gemacan70 hajar bleh untuk bela nomor2koruptorcuihhhhhh httpstcoo4nnzbkni
621,HS,rt korbangusur rakyatbiasa1945 cebong gendheng ngamuk2 bain si homo nista agama hahaha oshmuslim rebuskentang m3g4
622,HS,rt ustadtengku1 rizieqsyihabfpi tolol banyak yg bela nista agama sudah sangka
623,HS,orang punya saksi anj kasu babi tolol httpstcossepg5fcxm
624,HS,si ahok kampret emang gak becu kerja citra mlulu tuh si ahok kampret httpstcoym5viofvpc
625,HS,sini lu enggak mau kampung datang sama nista agama httpstco1z3mths9ck
626,HS,tanda2 kiamat yak banyak aja orang muslim yg ingkar alquran pilih nista agama nomor2koruptor nomor2koruptor
627,HS,janganmaudibohongiahok ahok sumber kacau politik ramai aski 313 fight httpstcowobxlxvznx
628,HS,matanajwadebatjakarta ani sadi topeng buka lebar malam biar warga dki yg menilaiapa yg kata kecut
629,HS,ani congor aja gede realisasi gak janji teru awal bisa pale korupsi balik jadi dosen aja bangsat
630,HS,matanajwadebatjakarta hebat ahok mau salam loh sm pak ani amat hormat idih gw sih ogah
631,HS,matanajwadebatjakarta kalau uru bacot memang ani nya juaranyamemang bakal makan bacot jakartahahapaslon yg aneh gede bacot doang
632,HS,matanajwadebatjakarta pak ani banyak omdo dulu waktu jd menteri terobo apa skrg ngomong ky sok jago bgt
633,HS,matanajwadebatjakarta si cina babi ahok bloon banget sok pinter banget asal bukan ahok
634,HS,matanajwadebatjakarta lucu banget jawab ahok gak nyambung tanya apa jawab apa kena skak mat tanya isu agama tdi dasar cina tolol hahaha
635,HS,matanajwadebatjakarta topeng hari fix buka aniesbaswedan sama dgn yg dukung bau busuk
636,HS,matanajwadebatjakarta pak ani suka nyinyir suka putar balik kan fakta ga punya program yg jela bisa jelek kerja pak basuki
637,HS,babi iya memang si ahok gak jauh kayak babi
638,HS,si tengkuk babi sipit bangk agen dajjal mau jadi onta hahaha orang wara tau kasu ahok paksa
639,HS,kan kata ahok kafirumat islam anti ahok ahok kafr tambah ahok cina yg suka makan babi bir
640,HS,gw bilang babi ahok apa dong kafir gw ken gerombol babi ahok rasa bagaiamana klo anjing2in bangsat2in
641,HS,sibabi china sangat biadab laku kaum pribumi para jongon2 spt banser nu nusantara dukung timpang biadab mrk
642,HS,ahok kafir takut debat rakyat asli pribumi nelayan para pakar reklamasi rakyat ahok kafir bencong
643,HS,nampaknya satu paket sokong cina babi juga sokong lgbt
644,HS,biadab ahok cina kafir anak2 rakyat kecil pribumi ibu2 islam semua gusur rumah hidup
645,HS,tim ahok yg otak wc otak tumpul justru ani sdh komit sekali dgn pancasila ahok kafir sgt tdk bs pancasila
646,HS,matanajwadebatjakarta pak ani tinggal tenang tulu debat malam mjd agitatif licik moga kalah kau anj
647,HS,lama prose sidangahok waspada ulama2 kubu ahokyakni ulama2 munafik sesat sesat
648,HS,ani rangkul dua2nya satu spt ent dangkal cekak intelektu jadi budak ahok kafir
649,HS,biadab ahok cina kafir rakyat kecil yg jadi pkl asongan2 digusur2 aniaya spt terori ahok kafir biadab
650,HS,rt leonartorabono kenyataanya juta rakyat kecil asli pribumi yg miskin justru makin miskin ahok cina kafir
651,HS,indonesia yg dibulli org yg beneryg salah binatang2 nomor tiga dibiarin liar matanajwadebatjakarta pak httpstcojysg6x1a
652,HS,sidangahok smg sipenista agama ateknya mati tdk wjar jasad tdk dtrma tnh tdk prnh mr kn sorgaaamiin moga tuhan tuju
653,HS,iyakelasnya nista agamab nya cm ngebacot doang yg arogan sk blg taik nenek luoh sumber wara nama kasu ktp apkabarskakmat
654,HS,penjara semua cina kafir atei masuk ahok pimpin babi tukang korupsi
655,HS,kampany ra ngmg nya pihak ahok yg untung goblok kafir mana di untung kalau di perkosa bunuh lu enak duit
656,HS,hahaha idiot bilang kpd orang2 kafir terurama nasrani pendukung2 ahok kafir jangan pasuk wilayah2 syariat islam
657,HS,hasil makmak kalian jual puki kslian yg pihak pki si ahok anak china anj kafir serta nkri bukan dapat
658,HS,tim dukung sakit jiwa hilang akal sehat ide iklanahokjahat
659,HS,iklanahokjahat hati hati mulai prustasi main cara cara kasar hasil bagai survei si nista agama kalah
660,HS,hookk masuk gorong aja loe iklanahokjahat
661,HS,kayak gin nih kampany tim aniessandiuno kampung2 intimidasi masyarakat kampung ye asutenan
662,HS,si kutil babi leceh pribumi umat islam iklanahokjahat
663,HS,ngomong aja ent sama kaca pecah belah rukun hok ent bisa ngaco iklanahokjahat
664,HS,iklanahokjahat terorist nyata indonesia bukan wahabi bukan onta babi babi milik cina tebar teror sungguh
665,HS,rt terorissocm sadar wahai anak bangsa ibu pertiwi sedang diporakporandakan manusia biadab basukibtp aktor utama
666,HS,seperti gerombol basukibtp rindu rusuh hati2 kabul tuhan iklanahokjahat
667,HS,ahok bani serbet wereng coklat panc umat muslim marah iklanahokjahat kalian kumpul orang sint
668,HS,iklanahokjahat baru rezim jokopretsetaniblisdajj bangkit dr kubur gembira pesta pora lama belenggu
669,HS,anti cina mau ganyang cina tuh siapaaaa cuma anti ahok sang nista agama kampanyeahokjahat iklanahokjahat kampanyesara
670,HS,udah bingung kalik mau pakai cara apa kampany sampai2 bikin fitnah kayak begitu depresi takut kalah iklanahokjahat
671,HS,tahu apa sama malin kundang ahok dua samasam durhaka asbak iklanahokjahat kampanyeahokjahat
672,HS,haduh laku hok soksokan jaga agam padah provok ra iklanahokjahat
673,HS,rt sarwandisr iklanahokjahat bikin darah didih bangsat penuh propaganda emang lo kira islam radik kalau mau
674,HS,kapolda babi biadap bodoh gak punya otak kali
675,HS,jangan2 deh basukibtp hina islam itu manusia hina band agama mulia bukan siapa2 bukan apa2 iklanahokjahat
676,HS,ahok kafir budak2nya anjing2 nya bagai sampah agama islam sampah masyarakat
677,HS,umat agama islam dijakarta sangat haram sangat naji sekali ahok kafir kristen
678,HS,19 april cnn kibar bendera kune ata mati ahokdjarot
679,HS,akibat ulah orang2 kafir nasrani persi ahok kafir yg larang jilbab anak2 seko jakarta
680,HS,baswedan panta jadi gubernur jakarta komision kpk ahok kafir panta jadi germo alexi
681,HS,rt yudijanni iklanahokjahat bagaimana klo ganyang beneran hokitu sih mau elo hokadu domba pribumi tionghoajangan
682,HS,masalah djarot bisa pikir rakyat kecil pribumi bisa babu kpd cina2 betul2 songong jongkok
683,HS,otak wc otak babi yg terima ahok kafir kamu ahok kafir bkn dar hina sdh anggap islam sampah
684,HS,putar nanti sampai ahok kafir curang umat islam komitmen jakarta jadi laut api tidak mikir hukum
685,HS,iklanahokjahat ahok cipta bara api rakyat pribumi tionghoa yg balut phobia ahok kafir ra
686,HS,jangan heran perintah jokowi sekarang budak kuli cina2 ahok kafir naga
687,HS,nama cawgub goblok gak ngerti atur debatkelihatan bego licik itu sandiaga uno
688,HS,bodoh para dukung ahok yg muslim singgung sama sekali bisa aja sih quran hina mrka diam iklanahokjahat
689,HS,gubraaaaak malu liat untung semalem debat ga kaya mata najwa coba kalo format sama ringsek dah pasang asu
690,HS,yg jela otak ahokdjarot sangat tumpul sangat loyo stress jebol copot ganti
691,HS,ahok kafir bukan male juga garong lahan laut milik nelayan rampok rampa reklamasi yg untung cina2 kafir
692,HS,sumpah bego bgt sih kesel gue ada org yg vote makhluk kayak sandiaga uno coba agama
693,HS,responden2 yangg goblok2 faham wartawan beritasatu goblok klo aniessandi pimpin sangat mudah
694,HS,fpi renovasi masjid sangat tepat ahok kafir kristen ngapain ngurusi masjid2 apa hubung
695,HS,ahok kristen munafik henti mengolok2 gereja stiap hari mereka memang dibrief ahok hina si bumi datar
696,HS,uma surveynya si botak yg menang ahok apa dia cina kristen bukti kalo si botak dukung sama cina kristen
697,HS,ahok pecah belah ummat ajar kristen konyol raup suara muslim jela ahok ra pki tulen
698,HS,woy aagym lu udah nonton ini fitnah pale lu yang gym httpstcou3qhujpwg
699,HS,ahok pilih pimpin dasar agama langgar konstitusi baik babi di bungku aja congornyapecah belah umat agama
700,HS,pribumi kristen dukung ahok saya pale anti manusia2 bodoh goblok steven hadisurya sulistyo
701,HS,maksud bukti korupsi nista agama nya om bangsat lo taik lo maaf gw pake bahasa babi ahok
702,HS,ehh taik bangsat lo omong elo kayak iwan bopeng yg mo potong leher tni bangsat lo iwan bopeng baek2in tni taik lo
703,HS,ehh anak anj ahok kelan blon siuman mend emut2 bool basuki aja sana kasih tau sama babi yg bool basuki wangi gitu
704,HS,cwe cakep tp begopant gk lakusi ahok cina bau taimakan bubur encerahok faham komunismenista islam kristen
705,HS,ajeng paham si babi ahok klo bicara santun bangsat taik anj setan lo dngn intonasi yg familiar tuntuna
706,HS,bunuh aja yg depan mata dia mafia koruptor nya nista agama panggil popular nya babi ahok
707,HS,gimana dgn sumber wara tran jakarta ko jokowi diem ajah haru si kutil babi ahok ganyang
708,HS,muka si babi ahok tuh yg mirip serbet lantaibasukibtp
709,HS,betul bang hancur merka bang musnah china babi bumi pertiwi indonesia kedok reklamasi ahok
710,HS,sapa yg bilang ahok anti korupsi klo grombolannya ngomong gtu wajar ahok mafia koruptor sang nista agama yg lindung istana pki
711,HS,gw ngimpi sentilin biji babi ahok pcetar pcetar langsung kejang2 die ngadu jkw jkw makany sunat dulu bru ngomong almaidah
712,HS,mudah2an gw ketemu sama si babi iwan bopeng tp nya anj ahok
